{
  "fridge": {
    "center": [
      56964.45235714286,
      36888.106
    ],
    "rotation": 0.0
  },
  "shelf-1": {
    "center": [
      56103.3095,
      35765.754058823535
    ],
    "rotation": 90.0
  },
  "shelf-2": {
    "center": [
      56403.3095,
      35052.02856862745
    ],
    "rotation": 180.0
  },
  "shelf-3": {
    "center": [
      56103.3095,
      34348.69523529412
    ],
    "rotation": 90.0
  },
  "shelf-4": {
    "center": [
      56893.3095,
      34350.62712184874
    ],
    "rotation": 270.0
  },
  "shelf-5": {
    "center": [
      56403.3095,
      33646.146215686276
    ],
    "rotation": 180.0
  },
  "overShelf-1": {
    "center": [
      56103.3095,
      36598.107
    ],
    "rotation": 90.0
  },
  "overShelf-2": {
    "center": [
      56203.3095,
      33224.38150980392
    ],
    "rotation": 180.0
  },
  "overShelf-3": {
    "center": [
      56893.3095,
      33132.3920882353
    ],
    "rotation": 270.0
  },
  "feasible": true
}