{
  "fridge": {
    "center": [
      5704.982071904413,
      30325.405903778974
    ],
    "rotation": 105.85199939798602
  },
  "iceMaker": {
    "center": [
      5152.630610773046,
      31245.569439007875
    ],
    "rotation": 195.85199939798602
  },
  "shelf-1": {
    "center": [
      5494.786206078236,
      32183.350006313976
    ],
    "rotation": 105.85200131929506
  },
  "shelf-2": {
    "center": [
      5890.734092035599,
      32295.780199324323
    ],
    "rotation": 105.85200131929506
  },
  "shelf-3": {
    "center": [
      6616.7357,
      31514.06677159091
    ],
    "rotation": 0.0
  },
  "overShelf-1": {
    "center": [
      4906.526371266169,
      32328.172333825445
    ],
    "rotation": 15.852001319295063
  },
  "overShelf-2": {
    "center": [
      4884.316210407225,
      31897.622572187393
    ],
    "rotation": 195.85199939798602
  },
  "overShelf-3": {
    "center": [
      6061.86376590577,
      29047.26339799267
    ],
    "rotation": 269.97462095513447
  },
  "feasible": true
}