{
  "fridge": {
    "center": [
      30526.35440909091,
      34305.0295
    ],
    "rotation": 180.0
  },
  "shelf-1": {
    "center": [
      31391.3885,
      33933.6062516129
    ],
    "rotation": 90.0
  },
  "shelf-2": {
    "center": [
      31391.3885,
      32722.807045833335
    ],
    "rotation": 90.0
  },
  "shelf-3": {
    "center": [
      30435.101000000002,
      32205.0295
    ],
    "rotation": 0.0
  },
  "shelf-4": {
    "center": [
      29713.076,
      32505.0295
    ],
    "rotation": 90.0
  },
  "overShelf-1": {
    "center": [
      29298.3885,
      33210.38664285714
    ],
    "rotation": 0.0
  },
  "overShelf-2": {
    "center": [
      29299.751,
      32305.0295
    ],
    "rotation": 90.0
  },
  "overShelf-3": {
    "center": [
      29599.58168181818,
      34765.0295
    ],
    "rotation": 180.0
  },
  "feasible": true
}