{
  "fridge": {
    "center": [
      183541.22397894735,
      32437.723100000003
    ],
    "rotation": 0.0
  },
  "shelf-1": {
    "center": [
      184568.5924,
      31680.549186956523
    ],
    "rotation": 270.0
  },
  "shelf-2": {
    "center": [
      183378.5924,
      30934.095649019608
    ],
    "rotation": 180.0
  },
  "overShelf-1": {
    "center": [
      184468.5924,
      30943.737592753623
    ],
    "rotation": 0.0
  },
  "overShelf-2": {
    "center": [
      183078.5924,
      30185.2231
    ],
    "rotation": 90.0
  },
  "overShelf-3": {
    "center": [
      183583.5924,
      29747.7231
    ],
    "rotation": 180.0
  },
  "feasible": true
}